data,val_micro_f1,val_macro_f1,val_hamming_loss,test_micro_f1,test_macro_f1,test_hamming_loss
overview,0.5920494902050637,0.4896788943009544,0.12387810477979545,0.606826801517067,0.5200403451561679,0.12118681808060565
title + overview,0.603382187147689,0.51810383452343,0.12238224448618938,0.6196680349812601,0.5437355327015554,0.11862614117123135
